type,Strong against,Weak against,other
Bug,"Dark, Grass, Psychic","Fire, Flying, Rock",N/A
Dark,"Ghost, Psychic","Bug, Fairy, Fight",Immune to Psychic
Dragon,Dragon,"Dragon, Fairy, Ice",Not Effective Against Fairy
Electric,"Flying, Water",Ground,Not Effective Against Ground
Fairy,"Dark, Dragon, Fight","Poison, Steel",Immune to Dragon
Fighting,"Dark, Ice, Normal, Rock, Steel","Fairly, Flying, Psychic",Not Effective Against Ghost
Fire,"Bug, Grass, Ice, Steel","Ground, Rock, Water",N/A
Flying,"Bug, Fight, Grass","Electric, Ice, Rock",Immune to Ground
Ghost,"Ghost, Psychic","Dark, Ghost","Immune to Fight, Normal; Not Effective Against Normal"
Grass,"Ground, Rock, Water","Bug, Fire, Flying, Ice, Poison",N/A
Ground,"Electric, Fire, Poison, Rock, Steel","Grass, Ice, Water",Immune to Electric; Not Effective Against Flying
Ice,"Dragon, Flying, Grass, Ground","Fight, Fire, Rock, Steel",N/A
Normal,None,Fight,Immune to Ghost; Not Effective Against Ghost
Poison,"Fairy, Grass","Ground, Psychic",Not Effective Against Steel
Psychic,"Fight, Poison","Bug, Dark, Ghost",Not Effective Against Dark
Rock,"Bug, Fire, Flying, Ice","Fight, Grass, Ground, Steel, Water",N/A
Steel,"Fairy, Ice, Rock","Fight, Fire, Ground",Immune to Poison
Water,"Fire, Ground, Rock","Electric, Grass",N/A