Arbok,Gunk Shot (21.67),Sludge Wave (20.59),Dark Pulse (12.86)
Beedrill,Sludge Bomb (21.15),X Scissor (16.67),Aerial Ace (10.34)
Blastoise,Hydro Pump (23.68),Ice Beam (17.81),Flash Cannon (15.38)
Bulbasaur,Power Whip (25),Sludge Bomb (21.15),Seed Bomb (16.67)
Butterfree,Psychic (19.64),Bug Buzz (17.65),Signal Beam (14.52)
Caterpie,Struggle (8.85),,
Charizard,Fire Blast (24.39),Dragon Claw (23.33),Flamethrower (18.97)
Charmander,Flamethrower (18.97),Flame Burst (14.29),Flame Charge (8.06)
Charmeleon,Flamethrower (18.97),Flame Burst (14.29),Fire Punch (14.29)
Ekans,Gunk Shot (21.67),Sludge Bomb (21.15),Wrap (6.25)
Fearow,Drill Run (14.71),Aerial Ace (10.34),Twister (9.26)
Ivysaur,Power Whip (25),Solar Beam (24.49),Sludge Bomb (21.15)
Kakuna,Struggle (8.85),,
Metapod,Struggle (8.85),,
Nidoking,Megahorn (25),Earthquake (23.81),Sludge Wave (20.59)
Nidoqueen,Stone Edge (25.81),Earthquake (23.81),Sludge Wave (20.59)
Nidoran (f),Body Slam (25.64),Sludge Bomb (21.15),Poison Fang (10.42)
Nidoran (m),Body Slam (25.64),Sludge Bomb (21.15),Horn Attack (11.36)
Nidorina,Sludge Bomb (21.15),Dig (12.07),Poison Fang (10.42)
Nidorino,Sludge Bomb (21.59),Dig (12.07),Horn Attack(11.36)
Pidgeot,Hurricane (25),Aerial Ace (10.34),Air Cutter (9.09)
Pidgeotto,Aerial Ace (10.34),Twister (9.26),Air Cutter (9.09)
Pidgey,Aerial Ace (10.34),Twister (9.26),Air Cutter (9.09)
Pikachu,Thunder (23.26),Thunderbolt (20.37),Discharge (14)
Raichu,Thunder (23.26),Brick Break (18.75),Thunder Punch (16.67)
Raticate,Hyper Beam (24),Hyper Fang (16.67),Dig (12.07)
Rattata,Body Slam (25.64),Hyper Fang (16.67),Dig (12.07)
Sandshrew,Rock Slide (15.63),Dig (12.07),Rock Tomb (8.82)
Sandslash,Earthquake (23.81),Bulldoze (10.29),Rock Tomb (8.82)
Spearow,Drill Peck (14.81),Aerial Ace (10.34),Twister (9.26)
Squirtle,Aqua Tail (19.15),Aqua Jet (10.64),Aqua Pulse (10.61)
Venusaur,Solar Beam (24.49),Sludge Bomb (21.15),Petal Blizzard (20.37)
Wartortle,Hydro Pump (23.68),Ice Beam (17.81),Aqua Jet (10.64)
Weedle,Struggle (8.85),,
