Arbok,Bite (12),Acid (9.52)
Beedrill,Poison Jab (11.43),Bug Bite (11.11)
Blastoise,Bite (12),Water Gun (12)
Bulbasaur,Tackle (10.91),Vine Whip (10.77)
Butterfree,Bug Bite (11.11),Confusion (9.93)
Caterpie,Bug Bite (11.11),Tackle (10.91)
Charizard,Wing Attack (12),Ember (9.52)
Charmander,Scratch (12),Ember (9.52)
Charmeleon,Scratch (12),Ember (9.52)
Ekans,Poison Sting (10.43),Acid (9.52)
Fearow,Steel Wing (11.28),Peck (8.7)
Ivysaur,Vine Whip (10.77),Razor Leaf (10.34)
Kakuna,Bug Bite (11.11),Poison Sting (10.43)
Metapod,Bug Bite (11.11),Tackle (10.91)
Nidoking,Poison Jab (11.43),Fury Cutter (7.5)
Nidoqueen,Bite (12),Poison Jab (11.43)
Nidoran (f),Bite (12),Poison Sting (10.43)
Nidoran (m),Poison Sting (10.43),Peck (8.7)
Nidorina,Bite (12),Poison Sting (10.43)
Nidorino,Bite (12),Poison Jab (11.43)
Pidgeot,Wing Attack (12),Steel Wing (11.28)
Pidgeotto,Wing Attack (12),Steel Wing (11.28)
Pidgey,Tackle (10.91),Quick Attack (7.52)
Pikachu,Thunder Shock (8.33),Quick Attack (7.52)
Raichu,Spark (10),Thunder Shock (8.33)
Raticate,Bite (12),Quick Attack (7.52)
Rattata,Tackle (10.91),Quick Attack (7.52)
Sandshrew,Scratch (12),Mud Shot (10.91)
Sandslash,Metal Claw (12.7),Mud Shot (10.91)
Spearow,Peck (8.7),Quick Attack (7.52)
Squirtle,Tackle (10.91),Bubble (10.87)
Venusaur,Vine Whip (10.77),Razor Leaf (10.34)
Wartortle,Bite (12),Water Gun (12)
Weedle,Bug Bite (11.11),Poison Sting (10.43)
